5005488, -1.00, -128.28, -120.03
5012904, -1.00, -128.47, -120.24
5020276, -1.00, -128.65, -120.43
5027680, -1.00, -128.84, -120.64
5035120, -1.00, -129.03, -120.83
5042536, -1.00, -129.21, -121.02
5049988, -0.99, -129.40, -121.22
5057464, -0.99, -129.59, -121.37
5064844, -0.99, -129.78, -121.55
5072252, -0.99, -129.96, -121.72
5079664, -0.99, -130.15, -121.90
5087076, -0.99, -130.34, -122.09
5094452, -0.99, -130.52, -122.27
5101932, -0.99, -130.71, -122.43
5109344, -0.99, -130.90, -122.59
5116828, -0.99, -131.09, -122.77
5124300, -0.98, -131.28, -122.96
5131700, -0.98, -131.46, -123.14
5139168, -0.98, -131.65, -123.34
5146620, -0.98, -131.84, -123.54
5154088, -0.98, -132.03, -123.76
5161560, -0.98, -132.21, -123.98
5169032, -0.98, -132.40, -124.16
5176484, -0.98, -132.59, -124.35
5183928, -0.98, -132.77, -124.55
5191344, -0.98, -132.96, -124.75
5198848, -0.97, -133.15, -124.97
5206284, -0.97, -133.33, -125.18
5213704, -0.97, -133.52, -125.39
5221056, -0.97, -133.70, -125.58
5228504, -0.97, -133.89, -125.77
5235936, -0.97, -134.07, -125.97
5243408, -0.97, -134.26, -126.15
5250800, -0.97, -134.44, -126.36
5258224, -0.97, -134.63, -126.56
5265636, -0.97, -134.81, -126.76
5273040, -0.96, -135.00, -126.98
5280476, -0.96, -135.18, -127.18
5287904, -0.96, -135.36, -127.37
5295320, -0.96, -135.55, -127.56
5302728, -0.96, -135.74, -127.77
5310084, -0.96, -135.92, -127.96
5317508, -0.96, -136.11, -128.15
5324960, -0.96, -136.29, -128.36
5332404, -0.96, -136.48, -128.57
5339824, -0.96, -136.67, -128.77
5347252, -0.95, -136.85, -128.96
5354676, -0.95, -137.04, -129.15
5362060, -0.95, -137.23, -129.34
5369384, -0.95, -137.41, -129.52
5376776, -0.95, -137.59, -129.71
5384216, -0.95, -137.77, -129.89
5391588, -0.95, -137.95, -130.08
5398920, -0.95, -138.14, -130.25
5406320, -0.95, -138.33, -130.43
5413716, -0.95, -138.51, -130.62
5421088, -0.94, -138.69, -130.80
5428432, -0.94, -138.87, -130.96
5435816, -0.94, -139.05, -131.14
5443244, -0.94, -139.24, -131.30
5450672, -0.94, -139.42, -131.47
5458124, -0.94, -139.61, -131.66
5465448, -0.94, -139.79, -131.85
5472836, -0.94, -139.97, -132.03
5480204, -0.94, -140.15, -132.21
5487660, -0.94, -140.34, -132.38
5495044, -0.93, -140.52, -132.55
5502416, -0.93, -140.70, -132.73
5509700, -0.93, -140.89, -132.90
5517064, -0.93, -141.08, -133.08
5524472, -0.93, -141.27, -133.25
5531868, -0.93, -141.46, -133.43
5539228, -0.93, -141.64, -133.59
5546596, -0.93, -141.83, -133.76
5553988, -0.93, -142.01, -133.91
5561384, -0.93, -142.20, -134.08
5568736, -0.92, -142.38, -134.26
5576060, -0.92, -142.57, -134.43
5583424, -0.92, -142.75, -134.61
5590844, -0.92, -142.93, -134.77
5598224, -0.92, -143.11, -134.95
5605596, -0.92, -143.30, -135.13
5612988, -0.92, -143.47, -135.30
5620352, -0.92, -143.65, -135.48
5627740, -0.92, -143.83, -135.66
5635144, -0.92, -144.01, -135.83
5642520, -0.91, -144.19, -136.01
5649968, -0.91, -144.36, -136.17
5657328, -0.91, -144.54, -136.36
5664692, -0.91, -144.72, -136.54
5672092, -0.91, -144.89, -136.71
5679448, -0.91, -145.07, -136.88
5686816, -0.91, -145.25, -137.05
5694164, -0.91, -145.42, -137.23
5701504, -0.91, -145.59, -137.40
5708896, -0.91, -145.77, -137.55
5716212, -0.90, -145.95, -137.72
5723612, -0.90, -146.12, -137.90
5731008, -0.90, -146.30, -138.07
5738364, -0.90, -146.48, -138.25
5745720, -0.90, -146.65, -138.45
5753024, -0.90, -146.83, -138.64
5760344, -0.90, -147.00, -138.82
5767648, -0.90, -147.17, -138.99
5774964, -0.90, -147.35, -139.17
5782304, -0.90, -147.53, -139.34
5789636, -0.89, -147.70, -139.51
5796980, -0.89, -147.87, -139.67
5804272, -0.89, -148.05, -139.84
5811544, -0.89, -148.23, -140.02
5818844, -0.89, -148.40, -140.20
5826116, -0.89, -148.57, -140.37
5833436, -0.89, -148.74, -140.53
5840812, -0.89, -148.91, -140.69
5848140, -0.89, -149.09, -140.86
5855488, -0.89, -149.26, -141.04
5862812, -0.88, -149.43, -141.21
5870112, -0.88, -149.61, -141.40
5877500, -0.88, -149.78, -141.58
5884852, -0.88, -149.95, -141.74
5892180, -0.88, -150.12, -141.91
5899432, -0.88, -150.29, -142.09
5906748, -0.88, -150.45, -142.25
5914096, -0.88, -150.63, -142.42
5921512, -0.88, -150.80, -142.58
5928908, -0.88, -150.97, -142.75
5936320, -0.87, -151.14, -142.90
5943744, -0.87, -151.31, -143.09
5951096, -0.87, -151.48, -143.25
5958456, -0.87, -151.65, -143.43
5965836, -0.87, -151.82, -143.60
5973176, -0.87, -151.99, -143.79
5980496, -0.87, -152.16, -143.95
5987852, -0.87, -152.33, -144.14
5995244, -0.87, -152.50, -144.32
6002512, -0.87, -152.67, -144.49
6009868, -0.86, -152.83, -144.69
6017236, -0.86, -153.00, -144.86
6024540, -0.86, -153.17, -145.03
6031876, -0.86, -153.34, -145.23
6039272, -0.86, -153.51, -145.41
6046584, -0.86, -153.67, -145.60
6053928, -0.86, -153.84, -145.79
6061292, -0.86, -154.01, -145.98
6068692, -0.86, -154.17, -146.19
6076028, -0.86, -154.34, -146.37
6083368, -0.85, -154.51, -146.54
6090728, -0.85, -154.67, -146.71
6098084, -0.85, -154.84, -146.90
6105388, -0.85, -155.00, -147.08
6112668, -0.85, -155.17, -147.26
6119996, -0.85, -155.33, -147.43
6127320, -0.85, -155.50, -147.61
6134656, -0.85, -155.66, -147.78
6142008, -0.85, -155.83, -147.95
6149372, -0.85, -155.99, -148.12
6156780, -0.84, -156.16, -148.29
6164092, -0.84, -156.32, -148.46
6171376, -0.84, -156.48, -148.61
6178656, -0.84, -156.65, -148.78
6186020, -0.84, -156.81, -148.95
6193380, -0.84, -156.97, -149.11
6200684, -0.84, -157.13, -149.26
6208032, -0.84, -157.29, -149.44
6215324, -0.84, -157.45, -149.61
6222620, -0.84, -157.62, -149.78
6229972, -0.83, -157.78, -149.95
6237368, -0.83, -157.94, -150.13
6244728, -0.83, -158.11, -150.29
6252080, -0.83, -158.27, -150.46
6259428, -0.83, -158.43, -150.64
6266788, -0.83, -158.59, -150.79
6274156, -0.83, -158.75, -150.96
6281496, -0.83, -158.92, -151.10
6288836, -0.83, -159.07, -151.27
6296116, -0.83, -159.23, -151.45
6303404, -0.82, -159.40, -151.62
6310716, -0.82, -159.56, -151.76
6318004, -0.82, -159.72, -151.93
6325408, -0.82, -159.88, -152.06
6332716, -0.82, -160.04, -152.22
6340060, -0.82, -160.20, -152.37
6347360, -0.82, -160.37, -152.51
6354676, -0.82, -160.53, -152.67
6361992, -0.82, -160.68, -152.85
6369380, -0.82, -160.85, -153.00
6376692, -0.81, -161.00, -153.16
6383932, -0.81, -161.16, -153.32
6391236, -0.81, -161.32, -153.49
6398548, -0.81, -161.47, -153.66
6405784, -0.81, -161.63, -153.82
6413124, -0.81, -161.79, -153.98
6420472, -0.81, -161.95, -154.12
6427812, -0.81, -162.11, -154.28
6435112, -0.81, -162.26, -154.44
6442416, -0.81, -162.42, -154.59
6449732, -0.80, -162.58, -154.74
6457032, -0.80, -162.74, -154.90
6464240, -0.80, -162.89, -155.05
6471460, -0.80, -163.04, -155.20
6478800, -0.80, -163.20, -155.35
6486052, -0.80, -163.35, -155.52
6493352, -0.80, -163.51, -155.66
6500580, -0.80, -163.66, -155.82
6507904, -0.80, -163.82, -155.97
6515176, -0.80, -163.97, -156.12
6522444, -0.79, -164.13, -156.26
6529700, -0.79, -164.28, -156.41
6537028, -0.79, -164.44, -156.56
6544300, -0.79, -164.59, -156.71
6551576, -0.79, -164.74, -156.87
6558880, -0.79, -164.90, -157.01
6566120, -0.79, -165.05, -157.17
6573400, -0.79, -165.20, -157.31
6580676, -0.79, -165.35, -157.45
6587960, -0.79, -165.51, -157.59
6595272, -0.78, -165.66, -157.73
6602484, -0.78, -165.81, -157.87
6609804, -0.78, -165.96, -158.01
6617072, -0.78, -166.11, -158.18
6624348, -0.78, -166.26, -158.34
6631632, -0.78, -166.41, -158.50
6638872, -0.78, -166.56, -158.65
6646180, -0.78, -166.72, -158.80
6653416, -0.78, -166.86, -158.95
6660628, -0.78, -167.02, -159.11
6667900, -0.77, -167.16, -159.25
6675252, -0.77, -167.32, -159.40
6682524, -0.77, -167.46, -159.57
6689804, -0.77, -167.62, -159.72
6697040, -0.77, -167.77, -159.85
6704256, -0.77, -167.91, -160.00
6711540, -0.77, -168.06, -160.14
6718820, -0.77, -168.21, -160.29
6726096, -0.77, -168.36, -160.42
6733344, -0.77, -168.51, -160.57
6740600, -0.76, -168.66, -160.72
6747888, -0.76, -168.81, -160.86
6755144, -0.76, -168.95, -161.01
6762428, -0.76, -169.10, -161.16
6769684, -0.76, -169.25, -161.31
6776932, -0.76, -169.40, -161.46
6784180, -0.76, -169.54, -161.62
6791408, -0.76, -169.69, -161.77
6798628, -0.76, -169.84, -161.93
6805896, -0.76, -169.98, -162.07
6813132, -0.75, -170.13, -162.21
6820384, -0.75, -170.28, -162.36
6827624, -0.75, -170.42, -162.51
6834856, -0.75, -170.57, -162.67
6842112, -0.75, -170.71, -162.82
6849364, -0.75, -170.86, -162.96
6856576, -0.75, -171.01, -163.12
6863856, -0.75, -171.15, -163.27
6871128, -0.75, -171.30, -163.43
6878348, -0.75, -171.44, -163.58
6885604, -0.74, -171.58, -163.71
6892844, -0.74, -171.73, -163.86
6900088, -0.74, -171.88, -164.01
6907316, -0.74, -172.02, -164.16
6914548, -0.74, -172.16, -164.29
6921816, -0.74, -172.31, -164.43
6929012, -0.74, -172.45, -164.57
6936224, -0.74, -172.59, -164.71
6943480, -0.74, -172.74, -164.85
6950700, -0.74, -172.88, -164.99
6957928, -0.73, -173.02, -165.13
6965188, -0.73, -173.16, -165.27
6972452, -0.73, -173.30, -165.41
6979688, -0.73, -173.45, -165.57
6986900, -0.73, -173.59, -165.70
6994112, -0.73, -173.73, -165.85
7001384, -0.73, -173.87, -165.99
7008600, -0.73, -174.01, -166.12
7015820, -0.73, -174.15, -166.26
7023068, -0.73, -174.29, -166.41
7030280, -0.72, -174.43, -166.54
7037500, -0.72, -174.57, -166.67
7044712, -0.72, -174.71, -166.80
7051944, -0.72, -174.85, -166.94
7059168, -0.72, -174.99, -167.07
7066420, -0.72, -175.13, -167.19
7073656, -0.72, -175.27, -167.32
7080856, -0.72, -175.41, -167.46
7088116, -0.72, -175.55, -167.60
7095372, -0.72, -175.69, -167.74
7102592, -0.71, -175.83, -167.88
7109788, -0.71, -175.96, -168.01
7116960, -0.71, -176.10, -168.15
7124152, -0.71, -176.24, -168.29
7131356, -0.71, -176.38, -168.44
7138592, -0.71, -176.52, -168.57
7145780, -0.71, -176.65, -168.71
7153016, -0.71, -176.79, -168.84
7160192, -0.71, -176.92, -168.97
7167428, -0.71, -177.06, -169.11
7174676, -0.70, -177.20, -169.23
7181864, -0.70, -177.33, -169.35
7189076, -0.70, -177.47, -169.49
7196268, -0.70, -177.61, -169.62
7203444, -0.70, -177.74, -169.76
7210640, -0.70, -177.87, -169.88
7217828, -0.70, -178.01, -170.01
7225008, -0.70, -178.14, -170.13
7232264, -0.70, -178.28, -170.26
7239436, -0.70, -178.41, -170.38
7246652, -0.69, -178.55, -170.50
7253820, -0.69, -178.68, -170.62
7261032, -0.69, -178.81, -170.75
7268220, -0.69, -178.95, -170.87
7275396, -0.69, -179.08, -171.00
7282604, -0.69, -179.21, -171.12
7289852, -0.69, -179.35, -171.22
7297056, -0.69, -179.48, -171.35
7304284, -0.69, -179.61, -171.47
7311484, -0.69, -179.75, -171.58
7318648, -0.68, -179.88, -171.71
7325812, -0.68, -180.01, -171.83
7332976, -0.68, -180.14, -171.95
7340176, -0.68, -180.27, -172.09
7347424, -0.68, -180.40, -172.21
7354640, -0.68, -180.54, -172.32
7361884, -0.68, -180.67, -172.44
7369108, -0.68, -180.80, -172.56
7376300, -0.68, -180.93, -172.67
7383556, -0.68, -181.06, -172.81
7390732, -0.67, -181.19, -172.94
7397912, -0.67, -181.32, -173.06
7405056, -0.67, -181.45, -173.19
7412236, -0.67, -181.58, -173.32
7419416, -0.67, -181.70, -173.45
7426572, -0.67, -181.83, -173.59
7433740, -0.67, -181.96, -173.71
7440900, -0.67, -182.09, -173.85
7448084, -0.67, -182.22, -173.97
7455236, -0.67, -182.34, -174.11
7462436, -0.66, -182.47, -174.23
7469600, -0.66, -182.60, -174.36
7476776, -0.66, -182.73, -174.48
7483956, -0.66, -182.86, -174.61
7491108, -0.66, -182.98, -174.73
7498256, -0.66, -183.11, -174.86
7505436, -0.66, -183.24, -174.99
7512616, -0.66, -183.36, -175.11
7519784, -0.66, -183.49, -175.24
7526956, -0.66, -183.61, -175.37
7534140, -0.65, -183.74, -175.50
7541300, -0.65, -183.87, -175.64
7548504, -0.65, -183.99, -175.77
7555684, -0.65, -184.12, -175.90
7562880, -0.65, -184.24, -176.04
7570040, -0.65, -184.37, -176.17
7577204, -0.65, -184.49, -176.30
7584380, -0.65, -184.61, -176.43
7591544, -0.65, -184.74, -176.55
7598724, -0.65, -184.86, -176.68
7605876, -0.64, -184.99, -176.80
7613028, -0.64, -185.11, -176.93
7620180, -0.64, -185.23, -177.05
7627316, -0.64, -185.35, -177.17
7634484, -0.64, -185.48, -177.30
7641640, -0.64, -185.60, -177.42
7648780, -0.64, -185.72, -177.54
7655932, -0.64, -185.84, -177.66
7663076, -0.64, -185.97, -177.78
7670224, -0.64, -186.09, -177.91
7677372, -0.63, -186.21, -178.03
7684524, -0.63, -186.33, -178.15
7691684, -0.63, -186.45, -178.28
7698860, -0.63, -186.57, -178.40
7706020, -0.63, -186.69, -178.53
7713168, -0.63, -186.81, -178.64
7720316, -0.63, -186.93, -178.77
7727464, -0.63, -187.06, -178.90
7734604, -0.63, -187.17, -179.02
7741752, -0.63, -187.29, -179.14
7748904, -0.62, -187.41, -179.27
7756072, -0.62, -187.53, -179.39
7763228, -0.62, -187.65, -179.51
7770356, -0.62, -187.77, -179.62
7777508, -0.62, -187.89, -179.74
7784664, -0.62, -188.01, -179.86
7791788, -0.62, -188.12, -179.98
7798920, -0.62, -188.24, -180.10
7806068, -0.62, -188.36, -180.21
7813216, -0.62, -188.48, -180.33
7820388, -0.61, -188.59, -180.45
7827536, -0.61, -188.71, -180.57
7834684, -0.61, -188.83, -180.68
7841816, -0.61, -188.95, -180.80
7848956, -0.61, -189.07, -180.92
7856100, -0.61, -189.18, -181.04
7863240, -0.61, -189.30, -181.17
7870400, -0.61, -189.42, -181.29
7877576, -0.61, -189.53, -181.42
7884716, -0.61, -189.64, -181.54
7891860, -0.60, -189.76, -181.66
7899004, -0.60, -189.88, -181.78
7906100, -0.60, -189.99, -181.90
7913252, -0.60, -190.11, -182.02
7920392, -0.60, -190.22, -182.14
7927536, -0.60, -190.34, -182.26
7934660, -0.60, -190.45, -182.38
7941784, -0.60, -190.56, -182.50
7948908, -0.60, -190.68, -182.61
7956056, -0.60, -190.79, -182.73
7963200, -0.59, -190.91, -182.86
7970328, -0.59, -191.02, -182.98
7977468, -0.59, -191.13, -183.11
7984608, -0.59, -191.25, -183.22
7991776, -0.59, -191.36, -183.35
7998904, -0.59, -191.47, -183.47
8006032, -0.59, -191.58, -183.59
8013192, -0.59, -191.70, -183.71
8020340, -0.59, -191.81, -183.82
8027468, -0.59, -191.92, -183.95
8034600, -0.58, -192.03, -184.06
8041732, -0.58, -192.14, -184.17
8048864, -0.58, -192.26, -184.28
8055976, -0.58, -192.36, -184.39
8063088, -0.58, -192.48, -184.49
8070220, -0.58, -192.59, -184.60
8077340, -0.58, -192.70, -184.70
8084476, -0.58, -192.81, -184.82
8091596, -0.58, -192.92, -184.94
8098752, -0.58, -193.03, -185.05
8105856, -0.57, -193.14, -185.16
8112976, -0.57, -193.25, -185.27
8120104, -0.57, -193.36, -185.38
8127232, -0.57, -193.47, -185.49
8134356, -0.57, -193.58, -185.60
8141476, -0.57, -193.69, -185.71
8148608, -0.57, -193.80, -185.83
8155732, -0.57, -193.90, -185.94
8162844, -0.57, -194.02, -186.06
8169988, -0.57, -194.12, -186.17
8177140, -0.56, -194.23, -186.28
8184256, -0.56, -194.34, -186.40
8191356, -0.56, -194.45, -186.52
8198520, -0.56, -194.56, -186.63
8205632, -0.56, -194.67, -186.75
8212744, -0.56, -194.77, -186.87
8219856, -0.56, -194.88, -186.97
8226956, -0.56, -194.99, -187.10
8234064, -0.56, -195.10, -187.20
8241188, -0.56, -195.20, -187.32
8248308, -0.55, -195.31, -187.43
8255444, -0.55, -195.42, -187.55
8262600, -0.55, -195.52, -187.66
8269704, -0.55, -195.63, -187.77
8276808, -0.55, -195.73, -187.89
8283932, -0.55, -195.84, -188.00
8291028, -0.55, -195.94, -188.12
8298132, -0.55, -196.04, -188.22
8305260, -0.55, -196.15, -188.32
8312336, -0.55, -196.25, -188.43
8319460, -0.54, -196.35, -188.54
8326608, -0.54, -196.46, -188.66
8333720, -0.54, -196.56, -188.76
8340852, -0.54, -196.67, -188.86
8347948, -0.54, -196.77, -188.97
8355060, -0.54, -196.87, -189.08
8362124, -0.54, -196.97, -189.18
8369228, -0.54, -197.08, -189.29
8376356, -0.54, -197.18, -189.39
8383444, -0.54, -197.28, -189.51
8390596, -0.53, -197.38, -189.61
8397684, -0.53, -197.48, -189.72
8404768, -0.53, -197.58, -189.82
8411840, -0.53, -197.69, -189.93
8418952, -0.53, -197.78, -190.04
8426036, -0.53, -197.89, -190.14
8433180, -0.53, -197.99, -190.24
8440292, -0.53, -198.08, -190.34
8447360, -0.53, -198.19, -190.44
8454496, -0.53, -198.29, -190.55
8461632, -0.52, -198.39, -190.64
8468704, -0.52, -198.48, -190.75
8475824, -0.52, -198.58, -190.85
8482912, -0.52, -198.69, -190.94
8489992, -0.52, -198.78, -191.04
8497060, -0.52, -198.88, -191.14
8504152, -0.52, -198.98, -191.24
8511224, -0.52, -199.08, -191.34
8518296, -0.52, -199.18, -191.43
8525396, -0.52, -199.27, -191.53
8532500, -0.51, -199.37, -191.63
8539580, -0.51, -199.47, -191.73
8546676, -0.51, -199.57, -191.82
8553764, -0.51, -199.66, -191.92
8560840, -0.51, -199.76, -192.01
8567952, -0.51, -199.85, -192.11
8575032, -0.51, -199.95, -192.20
8582116, -0.51, -200.05, -192.30
8589188, -0.51, -200.14, -192.39
8596260, -0.51, -200.24, -192.48
8603340, -0.50, -200.33, -192.58
8610408, -0.50, -200.43, -192.67
8617492, -0.50, -200.52, -192.76
8624568, -0.50, -200.62, -192.86
8631648, -0.50, -200.71, -192.94
8638732, -0.50, -200.80, -193.03
8645788, -0.50, -200.90, -193.13
8652852, -0.50, -200.99, -193.21
8659936, -0.50, -201.09, -193.31
8667004, -0.50, -201.18, -193.40
8674060, -0.49, -201.27, -193.49
8681140, -0.49, -201.37, -193.58
8688216, -0.49, -201.46, -193.67
8695292, -0.49, -201.55, -193.75
8702364, -0.49, -201.64, -193.85
8709444, -0.49, -201.74, -193.94
8716520, -0.49, -201.83, -194.03
8723588, -0.49, -201.92, -194.12
8730660, -0.49, -202.01, -194.21
8737712, -0.49, -202.10, -194.30
8744784, -0.48, -202.20, -194.39
8751852, -0.48, -202.28, -194.48
8758920, -0.48, -202.37, -194.57
8765996, -0.48, -202.47, -194.66
8773064, -0.48, -202.56, -194.75
8780148, -0.48, -202.65, -194.84
8787216, -0.48, -202.74, -194.93
8794256, -0.48, -202.83, -195.02
8801312, -0.48, -202.92, -195.11
8808392, -0.48, -203.01, -195.20
8815428, -0.47, -203.10, -195.28
8822500, -0.47, -203.19, -195.37
8829576, -0.47, -203.27, -195.46
8836648, -0.47, -203.36, -195.55
8843724, -0.47, -203.45, -195.63
8850800, -0.47, -203.54, -195.72
8857844, -0.47, -203.63, -195.81
8864928, -0.47, -203.72, -195.90
8871964, -0.47, -203.81, -195.98
8879020, -0.47, -203.89, -196.07
8886096, -0.46, -203.98, -196.16
8893172, -0.46, -204.07, -196.25
8900256, -0.46, -204.16, -196.33
8907332, -0.46, -204.24, -196.42
8914388, -0.46, -204.33, -196.51
8921448, -0.46, -204.42, -196.60
8928536, -0.46, -204.50, -196.68
8935572, -0.46, -204.59, -196.77
8942632, -0.46, -204.67, -196.85
8949688, -0.46, -204.76, -196.94
8956772, -0.45, -204.84, -197.02
8963824, -0.45, -204.93, -197.10
8970876, -0.45, -205.01, -197.19
8977944, -0.45, -205.10, -197.28
8985000, -0.45, -205.18, -197.36
8992040, -0.45, -205.27, -197.44
8999084, -0.45, -205.35, -197.52
9006156, -0.45, -205.43, -197.61
9013216, -0.45, -205.52, -197.69
9020284, -0.45, -205.61, -197.77
9027336, -0.44, -205.69, -197.86
9034376, -0.44, -205.77, -197.94
9041428, -0.44, -205.85, -198.02
9048492, -0.44, -205.94, -198.10
9055532, -0.44, -206.02, -198.18
9062564, -0.44, -206.10, -198.26
9069616, -0.44, -206.18, -198.34
9076656, -0.44, -206.26, -198.42
9083696, -0.44, -206.35, -198.50
9090752, -0.44, -206.43, -198.58
9097852, -0.43, -206.51, -198.67
9104908, -0.43, -206.59, -198.75
9111948, -0.43, -206.67, -198.83
9118996, -0.43, -206.75, -198.91
9126036, -0.43, -206.83, -198.99
9133080, -0.43, -206.92, -199.06
9140116, -0.43, -207.00, -199.14
9147164, -0.43, -207.07, -199.22
9154200, -0.43, -207.15, -199.30
9161244, -0.43, -207.23, -199.38
9168296, -0.42, -207.31, -199.46
9175336, -0.42, -207.39, -199.53
9182376, -0.42, -207.47, -199.61
9189420, -0.42, -207.55, -199.69
9196460, -0.42, -207.63, -199.77
9203508, -0.42, -207.71, -199.84
9210548, -0.42, -207.79, -199.92
9217608, -0.42, -207.86, -200.00
9224632, -0.42, -207.94, -200.08
9231668, -0.42, -208.02, -200.15
9238708, -0.41, -208.10, -200.23
9245752, -0.41, -208.17, -200.31
9252796, -0.41, -208.25, -200.38
9259836, -0.41, -208.32, -200.45
9266860, -0.41, -208.40, -200.53
9273896, -0.41, -208.48, -200.61
9280936, -0.41, -208.55, -200.68
9287944, -0.41, -208.63, -200.75
9294972, -0.41, -208.71, -200.83
9302000, -0.41, -208.78, -200.90
9309040, -0.40, -208.86, -200.98
9316056, -0.40, -208.93, -201.05
9323076, -0.40, -209.01, -201.12
9330128, -0.40, -209.08, -201.19
9337136, -0.40, -209.16, -201.27
9344156, -0.40, -209.23, -201.34
9351164, -0.40, -209.31, -201.41
9358184, -0.40, -209.38, -201.49
9365192, -0.40, -209.46, -201.56
9372212, -0.40, -209.53, -201.63
9379240, -0.39, -209.60, -201.70
9386252, -0.39, -209.68, -201.77
9393284, -0.39, -209.75, -201.84
9400280, -0.39, -209.82, -201.91
9407300, -0.39, -209.89, -201.98
9414312, -0.39, -209.96, -202.05
9421320, -0.39, -210.03, -202.12
9428356, -0.39, -210.10, -202.19
9435368, -0.39, -210.17, -202.26
9442416, -0.39, -210.25, -202.33
9449464, -0.38, -210.32, -202.40
9456464, -0.38, -210.38, -202.47
9463484, -0.38, -210.46, -202.55
9470516, -0.38, -210.53, -202.61
9477544, -0.38, -210.60, -202.68
9484552, -0.38, -210.67, -202.75
9491572, -0.38, -210.74, -202.82
9498616, -0.38, -210.81, -202.89
9505616, -0.38, -210.88, -202.96
9512612, -0.38, -210.95, -203.03
9519640, -0.37, -211.02, -203.09
9526640, -0.37, -211.09, -203.16
9533636, -0.37, -211.16, -203.23
9540664, -0.37, -211.23, -203.29
9547712, -0.37, -211.30, -203.36
9554740, -0.37, -211.37, -203.43
9561780, -0.37, -211.43, -203.50
9568816, -0.37, -211.51, -203.56
9575848, -0.37, -211.57, -203.63
9582848, -0.37, -211.64, -203.70
9589876, -0.36, -211.71, -203.76
9596904, -0.36, -211.78, -203.83
9603948, -0.36, -211.84, -203.90
9610944, -0.36, -211.91, -203.96
9617968, -0.36, -211.98, -204.03
9624984, -0.36, -212.04, -204.09
9631996, -0.36, -212.11, -204.16
9639024, -0.36, -212.18, -204.22
9646036, -0.36, -212.24, -204.29
9653044, -0.36, -212.31, -204.35
9660060, -0.35, -212.38, -204.41
9667084, -0.35, -212.44, -204.48
9674088, -0.35, -212.51, -204.54
9681100, -0.35, -212.57, -204.60
9688096, -0.35, -212.64, -204.67
9695088, -0.35, -212.70, -204.73
9702100, -0.35, -212.77, -204.79
9709100, -0.35, -212.83, -204.86
9716100, -0.35, -212.90, -204.92
9723112, -0.35, -212.96, -204.98
9730128, -0.34, -213.02, -205.04
9737116, -0.34, -213.09, -205.10
9744112, -0.34, -213.15, -205.17
9751096, -0.34, -213.22, -205.23
9758100, -0.34, -213.28, -205.29
9765104, -0.34, -213.34, -205.35
9772104, -0.34, -213.40, -205.41
9779100, -0.34, -213.47, -205.47
9786104, -0.34, -213.53, -205.53
9793124, -0.34, -213.59, -205.59
9800148, -0.33, -213.65, -205.65
9807120, -0.33, -213.71, -205.71
9814124, -0.33, -213.77, -205.77
9821124, -0.33, -213.83, -205.83
9828112, -0.33, -213.90, -205.89
9835088, -0.33, -213.96, -205.95
9842056, -0.33, -214.02, -206.00
9849048, -0.33, -214.08, -206.06
9856024, -0.33, -214.14, -206.12
9863028, -0.33, -214.20, -206.18
9870016, -0.32, -214.26, -206.24
9877012, -0.32, -214.32, -206.30
9884004, -0.32, -214.38, -206.35
9890988, -0.32, -214.44, -206.41
9897976, -0.32, -214.49, -206.47
9904980, -0.32, -214.55, -206.53
9911976, -0.32, -214.62, -206.58
9918960, -0.32, -214.67, -206.64
9925960, -0.32, -214.73, -206.70
9932944, -0.32, -214.79, -206.75
9939948, -0.31, -214.85, -206.81
9946932, -0.31, -214.91, -206.87
9953936, -0.31, -214.96, -206.92
9960920, -0.31, -215.02, -206.98
9967916, -0.31, -215.08, -207.03
9974876, -0.31, -215.14, -207.09
9981860, -0.31, -215.19, -207.14
9988872, -0.31, -215.25, -207.20
9995860, -0.31, -215.31, -207.25
10002864, -0.31, -215.36, -207.31
10009900, -0.30, -215.42, -207.36
10016920, -0.30, -215.47, -207.41
10023928, -0.30, -215.53, -207.47
10030968, -0.30, -215.58, -207.53
10038008, -0.30, -215.64, -207.58
10045044, -0.30, -215.70, -207.63
10052068, -0.30, -215.76, -207.69
10059124, -0.30, -215.81, -207.74
10066148, -0.30, -215.86, -207.79
10073156, -0.30, -215.92, -207.84
10080168, -0.29, -215.97, -207.90
10087172, -0.29, -216.02, -207.95
10094200, -0.29, -216.08, -208.00
10101196, -0.29, -216.13, -208.06
10108204, -0.29, -216.19, -208.10
10115220, -0.29, -216.24, -208.16
10122244, -0.29, -216.29, -208.21
10129268, -0.29, -216.35, -208.26
10136316, -0.29, -216.40, -208.31
10143328, -0.29, -216.45, -208.36
10150344, -0.28, -216.50, -208.41
10157384, -0.28, -216.55, -208.46
10164396, -0.28, -216.61, -208.51
10171412, -0.28, -216.66, -208.56
10178436, -0.28, -216.71, -208.61
10185452, -0.28, -216.76, -208.66
10192484, -0.28, -216.81, -208.71
10199516, -0.28, -216.87, -208.76
10206548, -0.28, -216.92, -208.81
10213560, -0.28, -216.97, -208.86
10220576, -0.27, -217.02, -208.91
10227596, -0.27, -217.07, -208.96
10234620, -0.27, -217.12, -209.01
10241636, -0.27, -217.17, -209.06
10248640, -0.27, -217.22, -209.11
10255664, -0.27, -217.27, -209.15
10262680, -0.27, -217.32, -209.20
10269688, -0.27, -217.37, -209.25
10276700, -0.27, -217.42, -209.29
10283716, -0.27, -217.46, -209.34
10290748, -0.26, -217.51, -209.39
10297776, -0.26, -217.56, -209.44
10304772, -0.26, -217.61, -209.49
10311784, -0.26, -217.66, -209.53
10318796, -0.26, -217.71, -209.58
10325808, -0.26, -217.76, -209.62
10332804, -0.26, -217.81, -209.67
10339816, -0.26, -217.85, -209.72
10346832, -0.26, -217.90, -209.76
10353836, -0.26, -217.95, -209.81
10360864, -0.25, -217.99, -209.85
10367864, -0.25, -218.04, -209.90
10374880, -0.25, -218.09, -209.94
10381852, -0.25, -218.13, -209.98
10388868, -0.25, -218.18, -210.03
10395880, -0.25, -218.23, -210.07
10402892, -0.25, -218.27, -210.11
10409912, -0.25, -218.32, -210.16
10416932, -0.25, -218.36, -210.20
10423944, -0.25, -218.41, -210.25
10430956, -0.24, -218.45, -210.29
10437976, -0.24, -218.50, -210.33
10444968, -0.24, -218.54, -210.37
10451980, -0.24, -218.59, -210.41
10458976, -0.24, -218.63, -210.46
10465984, -0.24, -218.68, -210.50
10472992, -0.24, -218.72, -210.54
10479996, -0.24, -218.76, -210.58
10486992, -0.24, -218.81, -210.62
10493992, -0.24, -218.85, -210.66
10501012, -0.23, -218.89, -210.70
10508020, -0.23, -218.94, -210.74
10515032, -0.23, -218.98, -210.78
10522044, -0.23, -219.02, -210.82
10529052, -0.23, -219.06, -210.86
10536044, -0.23, -219.10, -210.90
10543048, -0.23, -219.15, -210.94
10550032, -0.23, -219.19, -210.98
10557036, -0.23, -219.23, -211.02
10564048, -0.23, -219.27, -211.06
10571048, -0.22, -219.31, -211.10
10578044, -0.22, -219.35, -211.14
10585044, -0.22, -219.39, -211.18
10592024, -0.22, -219.43, -211.21
10599024, -0.22, -219.48, -211.25
10606008, -0.22, -219.52, -211.29
10613008, -0.22, -219.56, -211.33
10619992, -0.22, -219.59, -211.38
10627044, -0.22, -219.63, -211.41
10634064, -0.22, -219.67, -211.45
10641084, -0.21, -219.71, -211.49
10648064, -0.21, -219.75, -211.52
10655080, -0.21, -219.79, -211.56
10662080, -0.21, -219.83, -211.59
10669080, -0.21, -219.87, -211.63
10676088, -0.21, -219.91, -211.66
10683088, -0.21, -219.94, -211.70
10690084, -0.21, -219.98, -211.73
10697064, -0.21, -220.02, -211.77
10704076, -0.21, -220.05, -211.81
10711072, -0.20, -220.09, -211.84
10718040, -0.20, -220.13, -211.88
10725036, -0.20, -220.16, -211.91
10732012, -0.20, -220.19, -211.95
10739008, -0.20, -220.23, -211.99
10746016, -0.20, -220.26, -212.02
10753020, -0.20, -220.30, -212.06
10760020, -0.20, -220.34, -212.09
10767024, -0.20, -220.38, -212.13
10774020, -0.20, -220.41, -212.17
10781024, -0.19, -220.45, -212.20
10788016, -0.19, -220.48, -212.24
10795004, -0.19, -220.52, -212.27
10801984, -0.19, -220.56, -212.31
10808972, -0.19, -220.59, -212.34
10815968, -0.19, -220.62, -212.38
10822964, -0.19, -220.66, -212.41
10829968, -0.19, -220.70, -212.44
10836960, -0.19, -220.73, -212.48
10843964, -0.19, -220.77, -212.51
10850968, -0.18, -220.80, -212.54
10857972, -0.18, -220.84, -212.57
10864984, -0.18, -220.88, -212.61
10871964, -0.18, -220.91, -212.64
10878968, -0.18, -220.95, -212.67
10885944, -0.18, -220.98, -212.70
10892924, -0.18, -221.02, -212.73
10899904, -0.18, -221.05, -212.76
10906880, -0.18, -221.09, -212.78
10913852, -0.18, -221.12, -212.82
10920840, -0.17, -221.16, -212.85
10927820, -0.17, -221.19, -212.88
10934808, -0.17, -221.22, -212.91
10941796, -0.17, -221.25, -212.94
10948760, -0.17, -221.28, -212.96
10955744, -0.17, -221.31, -212.99
10962724, -0.17, -221.35, -213.02
10969704, -0.17, -221.38, -213.05
10976664, -0.17, -221.41, -213.08
10983644, -0.17, -221.44, -213.10
10990616, -0.16, -221.47, -213.13
10997600, -0.16, -221.50, -213.16
11004580, -0.16, -221.53, -213.18
11011564, -0.16, -221.56, -213.21
11018548, -0.16, -221.58, -213.24
11025516, -0.16, -221.62, -213.27
11032520, -0.16, -221.64, -213.30
11039480, -0.16, -221.67, -213.32
11046436, -0.16, -221.70, -213.35
11053416, -0.16, -221.73, -213.37
11060408, -0.15, -221.75, -213.40
11067360, -0.15, -221.78, -213.42
11074324, -0.15, -221.81, -213.45
11081272, -0.15, -221.84, -213.47
11088240, -0.15, -221.86, -213.50
11095200, -0.15, -221.89, -213.52
11102168, -0.15, -221.92, -213.55
11109120, -0.15, -221.94, -213.57
11116088, -0.15, -221.97, -213.59
11123052, -0.15, -222.00, -213.62
11130016, -0.14, -222.02, -213.64
11136976, -0.14, -222.05, -213.66
11143952, -0.14, -222.07, -213.69
11150912, -0.14, -222.10, -213.71
11157896, -0.14, -222.13, -213.73
11164884, -0.14, -222.15, -213.75
11171868, -0.14, -222.18, -213.78
11178848, -0.14, -222.20, -213.80
11185816, -0.14, -222.22, -213.82
11192784, -0.14, -222.25, -213.84
11199756, -0.13, -222.27, -213.87
11206728, -0.13, -222.29, -213.88
11213660, -0.13, -222.32, -213.91
11220648, -0.13, -222.34, -213.93
11227616, -0.13, -222.36, -213.95
11234572, -0.13, -222.39, -213.97
11241524, -0.13, -222.41, -213.99
11248468, -0.13, -222.43, -214.01
11255408, -0.13, -222.45, -214.03
11262356, -0.13, -222.48, -214.05
11269312, -0.12, -222.50, -214.07
11276248, -0.12, -222.52, -214.09
11283204, -0.12, -222.54, -214.11
11290176, -0.12, -222.57, -214.13
11297128, -0.12, -222.58, -214.14
11304072, -0.12, -222.61, -214.16
11311048, -0.12, -222.63, -214.18
11318028, -0.12, -222.65, -214.20
11324972, -0.12, -222.67, -214.22
11331944, -0.12, -222.69, -214.23
11338904, -0.11, -222.71, -214.25
11345856, -0.11, -222.73, -214.27
11352808, -0.11, -222.75, -214.29
11359764, -0.11, -222.77, -214.31
11366736, -0.11, -222.79, -214.32
11373688, -0.11, -222.81, -214.34
11380656, -0.11, -222.83, -214.36
11387612, -0.11, -222.84, -214.37
11394556, -0.11, -222.87, -214.39
11401508, -0.11, -222.89, -214.41
11408472, -0.10, -222.90, -214.42
11415392, -0.10, -222.92, -214.44
11422336, -0.10, -222.94, -214.45
11429272, -0.10, -222.96, -214.47
11436212, -0.10, -222.97, -214.49
11443148, -0.10, -222.99, -214.50
11450080, -0.10, -223.01, -214.51
11457016, -0.10, -223.02, -214.53
11463956, -0.10, -223.04, -214.54
11470888, -0.10, -223.06, -214.56
11477824, -0.09, -223.07, -214.57
11484756, -0.09, -223.09, -214.58
11491684, -0.09, -223.11, -214.60
11498620, -0.09, -223.12, -214.61
11505564, -0.09, -223.14, -214.62
11512504, -0.09, -223.15, -214.64
11519444, -0.09, -223.16, -214.65
11526380, -0.09, -223.18, -214.66
11533324, -0.09, -223.19, -214.67
11540240, -0.09, -223.21, -214.69
11547184, -0.08, -223.22, -214.70
11554112, -0.08, -223.24, -214.71
11561036, -0.08, -223.25, -214.72
11567968, -0.08, -223.27, -214.73
11574888, -0.08, -223.28, -214.75
11581824, -0.08, -223.29, -214.75
11588744, -0.08, -223.31, -214.76
11595684, -0.08, -223.32, -214.78
11602624, -0.08, -223.33, -214.79
11609548, -0.08, -223.34, -214.80
11616492, -0.07, -223.36, -214.81
11623436, -0.07, -223.37, -214.82
11630352, -0.07, -223.38, -214.83
11637276, -0.07, -223.39, -214.84
11644200, -0.07, -223.41, -214.84
11651116, -0.07, -223.41, -214.85
11658032, -0.07, -223.43, -214.86
11664936, -0.07, -223.44, -214.87
11671856, -0.07, -223.45, -214.88
11678760, -0.07, -223.46, -214.89
11685676, -0.06, -223.47, -214.90
11692612, -0.06, -223.48, -214.91
11699532, -0.06, -223.49, -214.91
11706464, -0.06, -223.50, -214.92
11713376, -0.06, -223.51, -214.93
11720312, -0.06, -223.52, -214.93
11727232, -0.06, -223.53, -214.94
11734136, -0.06, -223.54, -214.95
11741056, -0.06, -223.55, -214.96
11747960, -0.06, -223.56, -214.96
11754880, -0.05, -223.57, -214.97
11761784, -0.05, -223.58, -214.97
11768680, -0.05, -223.59, -214.98
11775616, -0.05, -223.59, -214.99
11782536, -0.05, -223.60, -214.99
11789436, -0.05, -223.61, -215.00
11796328, -0.05, -223.62, -215.01
11803264, -0.05, -223.62, -215.01
11810160, -0.05, -223.63, -215.01
11817064, -0.05, -223.63, -215.02
11823976, -0.04, -223.64, -215.02
11830880, -0.04, -223.65, -215.03
11837780, -0.04, -223.66, -215.03
11844692, -0.04, -223.66, -215.04
11851604, -0.04, -223.67, -215.04
11858516, -0.04, -223.68, -215.04
11865436, -0.04, -223.68, -215.05
11872332, -0.04, -223.68, -215.05
11879224, -0.04, -223.69, -215.05
11886136, -0.04, -223.69, -215.06
11893040, -0.03, -223.70, -215.06
11899956, -0.03, -223.70, -215.06
11906840, -0.03, -223.71, -215.06
11913740, -0.03, -223.71, -215.06
11920644, -0.03, -223.72, -215.07
11927544, -0.03, -223.72, -215.07
11934444, -0.03, -223.72, -215.07
11941344, -0.03, -223.72, -215.07
11948244, -0.03, -223.73, -215.07
11955144, -0.03, -223.73, -215.07
11962048, -0.02, -223.74, -215.07
11968948, -0.02, -223.74, -215.07
11975844, -0.02, -223.74, -215.07
11982740, -0.02, -223.74, -215.07
11989636, -0.02, -223.74, -215.07
11996552, -0.02, -223.75, -215.07
12003452, -0.02, -223.75, -215.07
12010348, -0.02, -223.75, -215.07
12017260, -0.02, -223.75, -215.07
12024160, -0.02, -223.75, -215.07
12031064, -0.01, -223.76, -215.07
12037964, -0.01, -223.76, -215.07
12044860, -0.01, -223.76, -215.07
12051760, -0.01, -223.76, -215.07
12058660, -0.01, -223.76, -215.07
12065552, -0.01, -223.76, -215.07
12072452, -0.01, -223.76, -215.07
12079356, -0.01, -223.76, -215.07
12086256, -0.01, -223.76, -215.07
12093156, -0.01, -223.76, -215.07
12100060, -0.00, -223.76, -215.07
12106952, -0.00, -223.76, -215.07
12113844, -0.00, -223.76, -215.07
12120740, -0.00, -223.76, -215.07
12127636, -0.00, -223.76, -215.07
12134528, 0.00, -223.76, -215.07
12141408, 0.00, -223.76, -215.07
12148292, 0.00, -223.76, -215.07
12155180, 0.00, -223.76, -215.07
12162068, 0.00, -223.76, -215.07
12168948, 0.01, -223.76, -215.07
12175848, 0.01, -223.76, -215.07
12182740, 0.01, -223.76, -215.07
12189652, 0.01, -223.76, -215.07
12196544, 0.01, -223.76, -215.07
12203440, 0.01, -223.76, -215.07
12210332, 0.01, -223.76, -215.07
12217220, 0.01, -223.76, -215.07
12224116, 0.01, -223.76, -215.07
12231012, 0.01, -223.76, -215.07
12237908, 0.02, -223.76, -215.07
12244796, 0.02, -223.76, -215.07
12251692, 0.02, -223.76, -215.07
12258588, 0.02, -223.76, -215.07
12265484, 0.02, -223.76, -215.07
12272372, 0.02, -223.76, -215.07
12279268, 0.02, -223.76, -215.07
12286160, 0.02, -223.76, -215.07
12293060, 0.02, -223.76, -215.07
12299952, 0.02, -223.76, -215.07
12306844, 0.03, -223.76, -215.07
12313740, 0.03, -223.76, -215.07
12320628, 0.03, -223.76, -215.07
12327524, 0.03, -223.76, -215.07
12334436, 0.03, -223.75, -215.07
12341332, 0.03, -223.75, -215.07
12348216, 0.03, -223.75, -215.07
12355112, 0.03, -223.75, -215.07
12362004, 0.03, -223.74, -215.07
12368908, 0.03, -223.74, -215.07
12375796, 0.04, -223.74, -215.07
12382704, 0.04, -223.73, -215.07
12389616, 0.04, -223.73, -215.07
12396512, 0.04, -223.72, -215.07
12403404, 0.04, -223.72, -215.07
12410296, 0.04, -223.72, -215.07
12417196, 0.04, -223.71, -215.07
12424108, 0.04, -223.71, -215.06
12430996, 0.04, -223.70, -215.06
12437880, 0.04, -223.70, -215.06
12444768, 0.05, -223.69, -215.06
12451656, 0.05, -223.69, -215.06
12458544, 0.05, -223.68, -215.06
12465448, 0.05, -223.68, -215.06
12472364, 0.05, -223.67, -215.06
12479252, 0.05, -223.67, -215.05
12486180, 0.05, -223.66, -215.05
12493072, 0.05, -223.65, -215.05
12499980, 0.05, -223.64, -215.04
12506868, 0.05, -223.64, -215.04
12513780, 0.06, -223.63, -215.03
12520676, 0.06, -223.62, -215.03
12527584, 0.06, -223.62, -215.02
12534480, 0.06, -223.61, -215.02
12541372, 0.06, -223.60, -215.01
12548264, 0.06, -223.59, -215.01
12555196, 0.06, -223.59, -215.00
12562104, 0.06, -223.58, -215.00
12569008, 0.06, -223.57, -214.99
12575920, 0.06, -223.56, -214.98
12582848, 0.07, -223.55, -214.98
12589764, 0.07, -223.54, -214.97
12596696, 0.07, -223.53, -214.97
12603616, 0.07, -223.52, -214.96
12610548, 0.07, -223.51, -214.95
12617452, 0.07, -223.50, -214.94
12624340, 0.07, -223.49, -214.93
12631268, 0.07, -223.48, -214.93
12638180, 0.07, -223.47, -214.92
12645076, 0.07, -223.46, -214.91
12652008, 0.08, -223.45, -214.90
12658924, 0.08, -223.44, -214.89
12665860, 0.08, -223.42, -214.88
12672764, 0.08, -223.41, -214.88
12679696, 0.08, -223.40, -214.87
12686624, 0.08, -223.39, -214.86
12693540, 0.08, -223.38, -214.85
12700464, 0.08, -223.37, -214.84
12707400, 0.08, -223.35, -214.83
12714312, 0.08, -223.34, -214.82
12721212, 0.09, -223.33, -214.81
12728140, 0.09, -223.31, -214.80
12735068, 0.09, -223.30, -214.79
12741980, 0.09, -223.28, -214.78
12748908, 0.09, -223.27, -214.77
12755836, 0.09, -223.26, -214.76
12762764, 0.09, -223.24, -214.75
12769684, 0.09, -223.23, -214.74
12776612, 0.09, -223.22, -214.72
12783544, 0.09, -223.20, -214.71
12790476, 0.10, -223.19, -214.70
12797388, 0.10, -223.17, -214.69
12804308, 0.10, -223.15, -214.67
12811244, 0.10, -223.14, -214.66
12818172, 0.10, -223.12, -214.65
12825104, 0.10, -223.11, -214.64
12832040, 0.10, -223.09, -214.62
12838944, 0.10, -223.08, -214.61
12845852, 0.10, -223.06, -214.60
12852772, 0.10, -223.04, -214.58
12859700, 0.11, -223.03, -214.57
12866616, 0.11, -223.01, -214.56
12873544, 0.11, -222.99, -214.54
12880496, 0.11, -222.98, -214.53
12887436, 0.11, -222.96, -214.51
12894380, 0.11, -222.94, -214.50
12901312, 0.11, -222.92, -214.49
12908248, 0.11, -222.90, -214.47
12915180, 0.11, -222.89, -214.45
12922124, 0.11, -222.87, -214.44
12929076, 0.12, -222.85, -214.42
12935988, 0.12, -222.83, -214.40
12942956, 0.12, -222.81, -214.39
12949896, 0.12, -222.80, -214.37
12956828, 0.12, -222.77, -214.36
12963764, 0.12, -222.76, -214.34
12970720, 0.12, -222.74, -214.32
12977664, 0.12, -222.71, -214.31
12984628, 0.12, -222.70, -214.29
12991564, 0.12, -222.67, -214.27
12998508, 0.13, -222.65, -214.26
13005452, 0.13, -222.63, -214.24
13012396, 0.13, -222.61, -214.22
13019364, 0.13, -222.59, -214.20
13026296, 0.13, -222.57, -214.18
13033236, 0.13, -222.55, -214.17
13040176, 0.13, -222.53, -214.15
13047124, 0.13, -222.50, -214.13
13054076, 0.13, -222.48, -214.11
13061056, 0.13, -222.46, -214.10
13068024, 0.14, -222.44, -214.08
13074972, 0.14, -222.41, -214.05
13081912, 0.14, -222.39, -214.04
13088844, 0.14, -222.37, -214.02
13095776, 0.14, -222.34, -214.00
13102708, 0.14, -222.32, -213.98
13109676, 0.14, -222.30, -213.96
13116612, 0.14, -222.27, -213.94
13123548, 0.14, -222.25, -213.92
13130496, 0.14, -222.23, -213.89
13137432, 0.15, -222.20, -213.88
13144396, 0.15, -222.18, -213.85
13151344, 0.15, -222.15, -213.83
13158308, 0.15, -222.12, -213.81
13165248, 0.15, -222.10, -213.79
13172180, 0.15, -222.07, -213.77
13179132, 0.15, -222.05, -213.75
13186088, 0.15, -222.02, -213.72
13193016, 0.15, -222.00, -213.70
13199952, 0.15, -221.97, -213.67
13206904, 0.16, -221.94, -213.65
13213856, 0.16, -221.92, -213.63
13220820, 0.16, -221.89, -213.61
13227796, 0.16, -221.86, -213.58
13234760, 0.16, -221.84, -213.56
13241720, 0.16, -221.81, -213.53
13248680, 0.16, -221.78, -213.51
13255656, 0.16, -221.75, -213.48
13262632, 0.16, -221.72, -213.46
13269600, 0.16, -221.70, -213.44
13276540, 0.17, -221.66, -213.41
13283516, 0.17, -221.64, -213.39
13290504, 0.17, -221.61, -213.36
13297460, 0.17, -221.58, -213.34
13304436, 0.17, -221.55, -213.31
13311396, 0.17, -221.52, -213.28
13318360, 0.17, -221.49, -213.26
13325324, 0.17, -221.46, -213.23
13332284, 0.17, -221.43, -213.21
13339268, 0.17, -221.40, -213.18
13346240, 0.18, -221.37, -213.15
13353200, 0.18, -221.34, -213.13
13360184, 0.18, -221.31, -213.10
13367152, 0.18, -221.28, -213.07
13374120, 0.18, -221.25, -213.04
13381088, 0.18, -221.22, -213.01
13388060, 0.18, -221.18, -212.99
13395016, 0.18, -221.15, -212.96
13401984, 0.18, -221.12, -212.93
13408960, 0.18, -221.09, -212.90
13415900, 0.19, -221.06, -212.87
13422876, 0.19, -221.02, -212.84
13429848, 0.19, -220.99, -212.82
13436820, 0.19, -220.96, -212.79
13443788, 0.19, -220.92, -212.76
13450760, 0.19, -220.89, -212.73
13457724, 0.19, -220.86, -212.70
13464712, 0.19, -220.83, -212.67
13471676, 0.19, -220.79, -212.64
13478652, 0.19, -220.76, -212.61
13485624, 0.20, -220.72, -212.58
13492600, 0.20, -220.69, -212.55
13499544, 0.20, -220.66, -212.52
13506520, 0.20, -220.62, -212.48
13513492, 0.20, -220.58, -212.45
13520464, 0.20, -220.55, -212.42
13527432, 0.20, -220.51, -212.39
13534408, 0.20, -220.48, -212.36
13541392, 0.20, -220.44, -212.33
13548364, 0.20, -220.40, -212.30
13555324, 0.21, -220.36, -212.26
13562304, 0.21, -220.33, -212.23
13569284, 0.21, -220.30, -212.20
13576268, 0.21, -220.26, -212.17
13583244, 0.21, -220.22, -212.13
13590228, 0.21, -220.19, -212.10
13597240, 0.21, -220.15, -212.06
13604228, 0.21, -220.12, -212.03
13611208, 0.21, -220.08, -212.00
13618172, 0.21, -220.05, -211.96
13625176, 0.22, -220.01, -211.93
13632152, 0.22, -219.97, -211.89
13639140, 0.22, -219.94, -211.86
13646148, 0.22, -219.90, -211.82
13653152, 0.22, -219.87, -211.78
13660148, 0.22, -219.83, -211.74
13667144, 0.22, -219.79, -211.71
13674140, 0.22, -219.75, -211.67
13681124, 0.22, -219.72, -211.64
13688104, 0.22, -219.68, -211.60
13695092, 0.23, -219.65, -211.56
13702072, 0.23, -219.61, -211.53
13709056, 0.23, -219.58, -211.49
13716032, 0.23, -219.54, -211.46
13723008, 0.23, -219.50, -211.42
13729996, 0.23, -219.47, -211.38
13736988, 0.23, -219.43, -211.35
13743976, 0.23, -219.39, -211.31
13750976, 0.23, -219.36, -211.28
13757952, 0.23, -219.32, -211.24
13764948, 0.24, -219.28, -211.21
13771932, 0.24, -219.24, -211.17
13778932, 0.24, -219.20, -211.13
13785920, 0.24, -219.16, -211.10
13792912, 0.24, -219.12, -211.06
13799900, 0.24, -219.08, -211.03
13806900, 0.24, -219.04, -210.99
13813904, 0.24, -219.00, -210.95
13820904, 0.24, -218.95, -210.92
13827912, 0.24, -218.91, -210.88
13834920, 0.25, -218.86, -210.85
13841896, 0.25, -218.82, -210.81
13848908, 0.25, -218.78, -210.77
13855920, 0.25, -218.73, -210.74
13862928, 0.25, -218.69, -210.70
13869924, 0.25, -218.65, -210.67
13876936, 0.25, -218.60, -210.63
13883924, 0.25, -218.56, -210.60
13890916, 0.25, -218.51, -210.56
13897908, 0.25, -218.47, -210.52
13904908, 0.26, -218.42, -210.49
13911900, 0.26, -218.37, -210.45
13918876, 0.26, -218.33, -210.42
13925868, 0.26, -218.28, -210.38
13932860, 0.26, -218.23, -210.34
13939832, 0.26, -218.19, -210.31
13946824, 0.26, -218.14, -210.27
13953816, 0.26, -218.09, -210.24
13960800, 0.26, -218.04, -210.20
13967784, 0.26, -218.00, -210.16
13974760, 0.27, -217.95, -210.12
13981752, 0.27, -217.90, -210.08
13988728, 0.27, -217.86, -210.04
13995712, 0.27, -217.81, -210.00
14002728, 0.27, -217.76, -209.96
14009720, 0.27, -217.71, -209.91
14016740, 0.27, -217.66, -209.87
14023744, 0.27, -217.61, -209.82
14030732, 0.27, -217.56, -209.78
14037716, 0.27, -217.51, -209.74
14044732, 0.28, -217.46, -209.69
14051716, 0.28, -217.41, -209.64
14058736, 0.28, -217.36, -209.60
14065736, 0.28, -217.31, -209.55
14072744, 0.28, -217.26, -209.51
14079756, 0.28, -217.21, -209.46
14086764, 0.28, -217.16, -209.41
14093772, 0.28, -217.11, -209.37
14100788, 0.28, -217.06, -209.32
14107800, 0.28, -217.01, -209.27
14114808, 0.29, -216.95, -209.23
14121828, 0.29, -216.90, -209.18
14128832, 0.29, -216.85, -209.13
14135856, 0.29, -216.80, -209.08
14142852, 0.29, -216.75, -209.03
14149852, 0.29, -216.69, -208.98
14156872, 0.29, -216.64, -208.93
14163888, 0.29, -216.59, -208.89
14170896, 0.29, -216.54, -208.84
14177900, 0.29, -216.48, -208.79
14184904, 0.30, -216.43, -208.74
14191924, 0.30, -216.37, -208.69
14198948, 0.30, -216.32, -208.64
14205964, 0.30, -216.27, -208.59
14212980, 0.30, -216.21, -208.54
14220016, 0.30, -216.16, -208.49
14227016, 0.30, -216.11, -208.44
14234024, 0.30, -216.05, -208.39
14241056, 0.30, -215.99, -208.33
14248068, 0.30, -215.94, -208.28
14255072, 0.31, -215.89, -208.23
14262084, 0.31, -215.83, -208.18
14269104, 0.31, -215.77, -208.13
14276116, 0.31, -215.71, -208.07
14283156, 0.31, -215.66, -208.02
14290160, 0.31, -215.60, -207.97
14297180, 0.31, -215.55, -207.92
14304204, 0.31, -215.49, -207.86
14311232, 0.31, -215.43, -207.81
14318276, 0.31, -215.37, -207.76
14325316, 0.32, -215.32, -207.70
14332356, 0.32, -215.26, -207.65
14339408, 0.32, -215.20, -207.59
14346436, 0.32, -215.15, -207.54
14353452, 0.32, -215.09, -207.49
14360448, 0.32, -215.03, -207.43
14367448, 0.32, -214.97, -207.37
14374472, 0.32, -214.91, -207.32
14381520, 0.32, -214.85, -207.27
14388544, 0.32, -214.79, -207.21
14395604, 0.33, -214.73, -207.15
14402612, 0.33, -214.67, -207.10
14409648, 0.33, -214.61, -207.04
14416680, 0.33, -214.55, -206.99
14423732, 0.33, -214.49, -206.93
14430752, 0.33, -214.43, -206.87
14437788, 0.33, -214.37, -206.82
14444844, 0.33, -214.31, -206.76
14451856, 0.33, -214.25, -206.70
14458892, 0.33, -214.19, -206.65
14465924, 0.34, -214.13, -206.59
14472948, 0.34, -214.06, -206.53
14479964, 0.34, -214.01, -206.47
14487000, 0.34, -213.94, -206.41
14494040, 0.34, -213.88, -206.35
14501084, 0.34, -213.82, -206.30
14508116, 0.34, -213.75, -206.24
14515168, 0.34, -213.69, -206.18
14522192, 0.34, -213.63, -206.12
14529216, 0.34, -213.57, -206.06
14536256, 0.35, -213.50, -206.00
14543284, 0.35, -213.44, -205.94
14550332, 0.35, -213.38, -205.88
14557356, 0.35, -213.31, -205.82
14564396, 0.35, -213.25, -205.76
14571432, 0.35, -213.18, -205.70
14578468, 0.35, -213.12, -205.64
14585504, 0.35, -213.05, -205.58
14592536, 0.35, -212.99, -205.52
14599592, 0.35, -212.92, -205.46
14606632, 0.36, -212.86, -205.40
14613692, 0.36, -212.79, -205.34
14620732, 0.36, -212.73, -205.27
14627772, 0.36, -212.66, -205.21
14634824, 0.36, -212.60, -205.15
14641860, 0.36, -212.53, -205.09
14648912, 0.36, -212.47, -205.03
14655956, 0.36, -212.40, -204.96
14663012, 0.36, -212.33, -204.90
14670072, 0.36, -212.26, -204.83
14677132, 0.37, -212.20, -204.77
14684172, 0.37, -212.13, -204.71
14691216, 0.37, -212.06, -204.65
14698252, 0.37, -212.00, -204.58
14705324, 0.37, -211.93, -204.52
14712392, 0.37, -211.86, -204.45
14719432, 0.37, -211.79, -204.39
14726480, 0.37, -211.72, -204.32
14733528, 0.37, -211.65, -204.26
14740588, 0.37, -211.59, -204.19
14747632, 0.38, -211.51, -204.13
14754676, 0.38, -211.45, -204.06
14761720, 0.38, -211.38, -203.99
14768768, 0.38, -211.31, -203.93
14775844, 0.38, -211.24, -203.86
14782896, 0.38, -211.16, -203.80
14789928, 0.38, -211.10, -203.73
14796988, 0.38, -211.03, -203.67
14804048, 0.38, -210.95, -203.60
14811092, 0.38, -210.89, -203.53
14818160, 0.39, -210.81, -203.47
14825256, 0.39, -210.74, -203.40
14832316, 0.39, -210.67, -203.33
14839360, 0.39, -210.60, -203.26
14846392, 0.39, -210.53, -203.19
14853452, 0.39, -210.46, -203.12
14860504, 0.39, -210.38, -203.06
14867572, 0.39, -210.31, -202.99
14874636, 0.39, -210.24, -202.92
14881692, 0.39, -210.16, -202.85
14888744, 0.40, -210.09, -202.78
14895792, 0.40, -210.02, -202.71
14902860, 0.40, -209.94, -202.64
14909916, 0.40, -209.87, -202.57
14916972, 0.40, -209.80, -202.50
14923996, 0.40, -209.72, -202.43
14931072, 0.40, -209.65, -202.36
14938140, 0.40, -209.58, -202.29
14945188, 0.40, -209.50, -202.22
14952220, 0.40, -209.43, -202.15
14959292, 0.41, -209.36, -202.08
14966372, 0.41, -209.28, -202.01
14973448, 0.41, -209.21, -201.93
14980528, 0.41, -209.14, -201.86
14987608, 0.41, -209.06, -201.79
14994700, 0.41, -208.98, -201.72
15001764, 0.41, -208.91, -201.64
15008848, 0.41, -208.83, -201.57
15015924, 0.41, -208.76, -201.50
15023008, 0.41, -208.68, -201.42
15030088, 0.42, -208.60, -201.35
15037144, 0.42, -208.52, -201.28
15044232, 0.42, -208.45, -201.20
15051304, 0.42, -208.37, -201.13
15058392, 0.42, -208.29, -201.06
15065480, 0.42, -208.21, -200.98
15072556, 0.42, -208.14, -200.91
15079640, 0.42, -208.06, -200.84
15086712, 0.42, -207.98, -200.77
15093796, 0.42, -207.90, -200.69
15100864, 0.43, -207.82, -200.62
15107948, 0.43, -207.74, -200.54
15115024, 0.43, -207.66, -200.47
15122104, 0.43, -207.58, -200.40
15129196, 0.43, -207.50, -200.32
15136288, 0.43, -207.42, -200.25
15143384, 0.43, -207.34, -200.18
15150468, 0.43, -207.26, -200.10
15157540, 0.43, -207.18, -200.02
15164620, 0.43, -207.10, -199.95
15171696, 0.44, -207.02, -199.87
15178772, 0.44, -206.94, -199.79
15185848, 0.44, -206.86, -199.72
15192944, 0.44, -206.77, -199.64
15200040, 0.44, -206.69, -199.56
15207136, 0.44, -206.61, -199.49
15214216, 0.44, -206.53, -199.41
15221328, 0.44, -206.44, -199.34
15228404, 0.44, -206.36, -199.26
15235516, 0.44, -206.28, -199.18
15242596, 0.45, -206.20, -199.10
15249680, 0.45, -206.11, -199.02
15256776, 0.45, -206.03, -198.95
15263864, 0.45, -205.95, -198.87
15270968, 0.45, -205.86, -198.80
15278036, 0.45, -205.78, -198.72
15285140, 0.45, -205.70, -198.64
15292224, 0.45, -205.61, -198.56
15299312, 0.45, -205.52, -198.48
15306392, 0.45, -205.44, -198.39
15313484, 0.46, -205.35, -198.31
15320580, 0.46, -205.27, -198.23
15327684, 0.46, -205.18, -198.15
15334796, 0.46, -205.10, -198.07
15341884, 0.46, -205.01, -197.99
15348972, 0.46, -204.93, -197.91
15356052, 0.46, -204.84, -197.83
15363164, 0.46, -204.75, -197.75
15370256, 0.46, -204.67, -197.67
15377348, 0.46, -204.58, -197.59
15384440, 0.47, -204.49, -197.51
15391568, 0.47, -204.41, -197.42
15398668, 0.47, -204.32, -197.34
15405760, 0.47, -204.23, -197.25
15412872, 0.47, -204.14, -197.17
15419984, 0.47, -204.06, -197.08
15427072, 0.47, -203.97, -197.00
15434136, 0.47, -203.88, -196.92
15441244, 0.47, -203.79, -196.83
15448352, 0.47, -203.70, -196.75
15455460, 0.48, -203.61, -196.67
15462572, 0.48, -203.52, -196.58
15469668, 0.48, -203.43, -196.50
15476776, 0.48, -203.34, -196.41
15483868, 0.48, -203.25, -196.32
15490968, 0.48, -203.16, -196.24
15498076, 0.48, -203.07, -196.16
15505204, 0.48, -202.98, -196.07
15512292, 0.48, -202.90, -195.98
15519396, 0.48, -202.80, -195.90
15526496, 0.49, -202.71, -195.81
15533596, 0.49, -202.62, -195.73
15540708, 0.49, -202.53, -195.64
15547840, 0.49, -202.44, -195.56
15554952, 0.49, -202.34, -195.47
15562060, 0.49, -202.25, -195.38
15569172, 0.49, -202.16, -195.30
15576276, 0.49, -202.07, -195.21
15583380, 0.49, -201.98, -195.12
15590508, 0.49, -201.88, -195.03
15597608, 0.50, -201.79, -194.94
15604728, 0.50, -201.70, -194.86
15611820, 0.50, -201.60, -194.77
15618940, 0.50, -201.51, -194.68
15626032, 0.50, -201.41, -194.59
15633140, 0.50, -201.32, -194.50
15640224, 0.50, -201.23, -194.41
15647336, 0.50, -201.14, -194.32
15654460, 0.50, -201.04, -194.23
15661560, 0.50, -200.94, -194.14
15668704, 0.51, -200.85, -194.05
15675812, 0.51, -200.75, -193.96
15682964, 0.51, -200.66, -193.87
15690080, 0.51, -200.56, -193.78
15697208, 0.51, -200.47, -193.69
15704336, 0.51, -200.37, -193.59
15711452, 0.51, -200.27, -193.50
15718604, 0.51, -200.18, -193.41
15725716, 0.51, -200.08, -193.32
15732848, 0.51, -199.98, -193.22
15739980, 0.52, -199.89, -193.13
15747096, 0.52, -199.79, -193.03
15754236, 0.52, -199.69, -192.94
15761416, 0.52, -199.59, -192.85
15768544, 0.52, -199.50, -192.76
15775676, 0.52, -199.40, -192.67
15782808, 0.52, -199.30, -192.57
15789948, 0.52, -199.20, -192.48
15797072, 0.52, -199.10, -192.39
15804196, 0.52, -199.00, -192.31
15811348, 0.53, -198.91, -192.22
15818464, 0.53, -198.81, -192.13
15825624, 0.53, -198.71, -192.04
15832732, 0.53, -198.61, -191.96
15839920, 0.53, -198.51, -191.87
15847052, 0.53, -198.41, -191.77
15854168, 0.53, -198.30, -191.67
15861304, 0.53, -198.21, -191.58
15868432, 0.53, -198.11, -191.49
15875568, 0.53, -198.00, -191.40
15882700, 0.54, -197.91, -191.30
15889828, 0.54, -197.80, -191.22
15896984, 0.54, -197.70, -191.14
15904164, 0.54, -197.60, -191.05
15911268, 0.54, -197.50, -190.96
15918452, 0.54, -197.39, -190.87
15925576, 0.54, -197.29, -190.79
15932728, 0.54, -197.19, -190.69
15939876, 0.54, -197.09, -190.60
15947024, 0.54, -196.99, -190.51
15954172, 0.55, -196.88, -190.42
15961364, 0.55, -196.77, -190.33
15968536, 0.55, -196.67, -190.24
15975664, 0.55, -196.57, -190.15
15982836, 0.55, -196.47, -190.04
15990024, 0.55, -196.36, -189.95
15997152, 0.55, -196.26, -189.86
16004264, 0.55, -196.15, -189.75
16011436, 0.55, -196.05, -189.66
16018556, 0.55, -195.94, -189.55
16025696, 0.56, -195.84, -189.46
16032840, 0.56, -195.73, -189.37
16040008, 0.56, -195.63, -189.27
16047176, 0.56, -195.52, -189.18
16054348, 0.56, -195.42, -189.08
16061496, 0.56, -195.31, -188.98
16068652, 0.56, -195.20, -188.88
16075812, 0.56, -195.10, -188.78
16082968, 0.56, -194.99, -188.69
16090088, 0.56, -194.88, -188.59
16097232, 0.57, -194.77, -188.50
16104380, 0.57, -194.67, -188.41
16111552, 0.57, -194.56, -188.31
16118732, 0.57, -194.45, -188.22
16125868, 0.57, -194.34, -188.12
16133028, 0.57, -194.23, -188.02
16140168, 0.57, -194.13, -187.91
16147312, 0.57, -194.02, -187.81
16154456, 0.57, -193.91, -187.72
16161636, 0.57, -193.80, -187.62
16168772, 0.58, -193.69, -187.52
16175916, 0.58, -193.58, -187.41
16183100, 0.58, -193.47, -187.32
16190284, 0.58, -193.36, -187.24
16197488, 0.58, -193.25, -187.14
16204652, 0.58, -193.14, -187.05
16211800, 0.58, -193.02, -186.96
16218940, 0.58, -192.92, -186.84
16226096, 0.58, -192.80, -186.74
16233232, 0.58, -192.69, -186.63
16240372, 0.59, -192.58, -186.54
16247624, 0.59, -192.47, -186.44
16254796, 0.59, -192.36, -186.34
16261976, 0.59, -192.25, -186.24
16269148, 0.59, -192.13, -186.14
16276376, 0.59, -192.02, -186.05
16283576, 0.59, -191.91, -185.95
16290732, 0.59, -191.79, -185.86
16297920, 0.59, -191.68, -185.76
16305108, 0.59, -191.57, -185.64
16312280, 0.60, -191.45, -185.54
16319484, 0.60, -191.34, -185.44
16326664, 0.60, -191.23, -185.35
16333860, 0.60, -191.11, -185.24
16341048, 0.60, -191.00, -185.13
16348220, 0.60, -190.88, -185.03
16355368, 0.60, -190.77, -184.93
16362548, 0.60, -190.66, -184.82
16369700, 0.60, -190.54, -184.72
16376868, 0.60, -190.43, -184.61
16384036, 0.61, -190.31, -184.50
16391216, 0.61, -190.20, -184.39
16398400, 0.61, -190.08, -184.27
16405576, 0.61, -189.96, -184.17
16412760, 0.61, -189.85, -184.06
16419896, 0.61, -189.73, -183.95
16427076, 0.61, -189.62, -183.84
16434244, 0.61, -189.50, -183.74
16441424, 0.61, -189.38, -183.62
16448592, 0.61, -189.27, -183.52
16455760, 0.62, -189.15, -183.41
16462960, 0.62, -189.03, -183.31
16470124, 0.62, -188.91, -183.21
16477308, 0.62, -188.80, -183.10
16484488, 0.62, -188.68, -182.99
16491664, 0.62, -188.56, -182.88
16498848, 0.62, -188.44, -182.76
16506016, 0.62, -188.32, -182.66
16513180, 0.62, -188.20, -182.55
16520356, 0.62, -188.08, -182.44
16527508, 0.63, -187.97, -182.33
16534680, 0.63, -187.85, -182.23
16541868, 0.63, -187.72, -182.12
16549052, 0.63, -187.61, -182.01
16556216, 0.63, -187.49, -181.90
16563392, 0.63, -187.37, -181.79
16570592, 0.63, -187.24, -181.67
16577760, 0.63, -187.13, -181.56
16584940, 0.63, -187.01, -181.46
16592124, 0.63, -186.89, -181.34
16599296, 0.64, -186.76, -181.24
16606460, 0.64, -186.64, -181.13
16613664, 0.64, -186.52, -181.02
16620856, 0.64, -186.40, -180.92
16628048, 0.64, -186.27, -180.81
16635248, 0.64, -186.15, -180.70
16642408, 0.64, -186.03, -180.59
16649588, 0.64, -185.91, -180.49
16656796, 0.64, -185.79, -180.38
16664036, 0.64, -185.66, -180.28
16671252, 0.65, -185.54, -180.16
16678456, 0.65, -185.41, -180.05
16685664, 0.65, -185.29, -179.95
16692892, 0.65, -185.17, -179.84
16700076, 0.65, -185.04, -179.72
16707268, 0.65, -184.92, -179.60
16714480, 0.65, -184.79, -179.49
16721660, 0.65, -184.67, -179.38
16728872, 0.65, -184.54, -179.27
16736120, 0.65, -184.42, -179.16
16743420, 0.66, -184.29, -179.07
16750680, 0.66, -184.16, -178.97
16757936, 0.66, -184.04, -178.86
16765148, 0.66, -183.91, -178.75
16772348, 0.66, -183.78, -178.64
16779548, 0.66, -183.66, -178.54
16786728, 0.66, -183.53, -178.44
16793924, 0.66, -183.40, -178.34
16801152, 0.66, -183.28, -178.23
16808364, 0.66, -183.16, -178.12
16815572, 0.67, -183.03, -178.01
16822792, 0.67, -182.90, -177.89
16829964, 0.67, -182.77, -177.79
16837236, 0.67, -182.65, -177.69
16844436, 0.67, -182.52, -177.58
16851728, 0.67, -182.39, -177.48
16858956, 0.67, -182.26, -177.37
16866224, 0.67, -182.14, -177.26
16873448, 0.67, -182.01, -177.15
16880652, 0.67, -181.88, -177.04
16887892, 0.68, -181.75, -176.93
16895144, 0.68, -181.62, -176.82
16902392, 0.68, -181.49, -176.72
16909624, 0.68, -181.36, -176.60
16916836, 0.68, -181.23, -176.48
16924076, 0.68, -181.10, -176.39
16931268, 0.68, -180.97, -176.27
16938484, 0.68, -180.84, -176.16
16945696, 0.68, -180.71, -176.04
16952932, 0.68, -180.58, -175.94
16960168, 0.69, -180.45, -175.83
16967368, 0.69, -180.32, -175.72
16974604, 0.69, -180.19, -175.61
16981808, 0.69, -180.06, -175.50
16989092, 0.69, -179.92, -175.40
16996356, 0.69, -179.79, -175.28
17003588, 0.69, -179.65, -175.17
17010804, 0.69, -179.52, -175.06
17018044, 0.69, -179.39, -174.94
17025276, 0.69, -179.25, -174.84
17032508, 0.70, -179.12, -174.72
17039704, 0.70, -178.99, -174.60
17046912, 0.70, -178.85, -174.48
17054132, 0.70, -178.72, -174.37
17061332, 0.70, -178.58, -174.25
17068612, 0.70, -178.45, -174.15
17075896, 0.70, -178.31, -174.06
17083216, 0.70, -178.18, -173.95
17090424, 0.70, -178.05, -173.85
17097636, 0.70, -177.92, -173.73
17104876, 0.71, -177.77, -173.60
17112096, 0.71, -177.64, -173.49
17119344, 0.71, -177.50, -173.37
17126556, 0.71, -177.36, -173.27
17133776, 0.71, -177.23, -173.15
17141052, 0.71, -177.09, -173.05
17148276, 0.71, -176.95, -172.94
17155524, 0.71, -176.82, -172.83
17162848, 0.71, -176.68, -172.72
17170156, 0.71, -176.54, -172.62
17177432, 0.72, -176.40, -172.51
17184780, 0.72, -176.26, -172.40
17191996, 0.72, -176.12, -172.29
17199252, 0.72, -175.99, -172.19
17206500, 0.72, -175.85, -172.08
17213748, 0.72, -175.71, -171.97
17220988, 0.72, -175.57, -171.83
17228244, 0.72, -175.43, -171.71
17235532, 0.72, -175.29, -171.61
17242856, 0.72, -175.15, -171.49
17250184, 0.73, -175.01, -171.38
17257464, 0.73, -174.87, -171.27
17264720, 0.73, -174.72, -171.16
17271968, 0.73, -174.59, -171.04
17279224, 0.73, -174.45, -170.92
17286536, 0.73, -174.31, -170.83
17293904, 0.73, -174.16, -170.74
17301228, 0.73, -174.02, -170.62
17308476, 0.73, -173.88, -170.52
17315704, 0.73, -173.74, -170.40
17322936, 0.74, -173.60, -170.27
17330212, 0.74, -173.46, -170.14
17337440, 0.74, -173.32, -170.01
17344688, 0.74, -173.17, -169.89
17351960, 0.74, -173.03, -169.78
17359184, 0.74, -172.89, -169.65
17366452, 0.74, -172.74, -169.52
17373728, 0.74, -172.60, -169.40
17380976, 0.74, -172.45, -169.27
17388248, 0.74, -172.31, -169.15
17395480, 0.75, -172.17, -169.04
17402736, 0.75, -172.02, -168.91
17410012, 0.75, -171.88, -168.79
17417344, 0.75, -171.74, -168.66
17424624, 0.75, -171.59, -168.53
17431856, 0.75, -171.44, -168.41
17439116, 0.75, -171.30, -168.28
17446384, 0.75, -171.15, -168.16
17453652, 0.75, -171.01, -168.04
17460872, 0.75, -170.87, -167.91
17468136, 0.76, -170.73, -167.78
17475412, 0.76, -170.58, -167.64
17482648, 0.76, -170.43, -167.51
17489948, 0.76, -170.29, -167.38
17497204, 0.76, -170.14, -167.25
17504484, 0.76, -169.99, -167.12
17511732, 0.76, -169.85, -166.98
17518980, 0.76, -169.70, -166.85
17526204, 0.76, -169.56, -166.72
17533460, 0.76, -169.41, -166.59
17540740, 0.77, -169.26, -166.46
17547976, 0.77, -169.12, -166.32
17555256, 0.77, -168.97, -166.19
17562544, 0.77, -168.82, -166.06
17569800, 0.77, -168.67, -165.92
17577056, 0.77, -168.52, -165.78
17584312, 0.77, -168.38, -165.64
17591572, 0.77, -168.24, -165.51
17598840, 0.77, -168.09, -165.36
17606084, 0.77, -167.94, -165.22
17613328, 0.78, -167.79, -165.08
17620580, 0.78, -167.64, -164.94
17627848, 0.78, -167.50, -164.80
17635124, 0.78, -167.35, -164.66
17642404, 0.78, -167.21, -164.51
17649712, 0.78, -167.07, -164.37
17657000, 0.78, -166.92, -164.23
17664272, 0.78, -166.77, -164.09
17671512, 0.78, -166.62, -163.94
17678784, 0.78, -166.46, -163.79
17686032, 0.79, -166.32, -163.64
17693304, 0.79, -166.16, -163.50
17700624, 0.79, -166.01, -163.37
17707968, 0.79, -165.86, -163.23
17715224, 0.79, -165.71, -163.08
17722484, 0.79, -165.56, -162.94
17729784, 0.79, -165.41, -162.79
17737052, 0.79, -165.26, -162.65
17744344, 0.79, -165.10, -162.50
17751616, 0.79, -164.96, -162.36
17758900, 0.80, -164.80, -162.22
17766176, 0.80, -164.65, -162.08
17773444, 0.80, -164.49, -161.93
17780712, 0.80, -164.34, -161.80
17787968, 0.80, -164.19, -161.66
17795248, 0.80, -164.03, -161.52
17802544, 0.80, -163.88, -161.38
17809808, 0.80, -163.73, -161.25
17817096, 0.80, -163.57, -161.10
17824372, 0.80, -163.42, -160.95
17831668, 0.81, -163.26, -160.81
17838976, 0.81, -163.11, -160.66
17846244, 0.81, -162.95, -160.51
17853540, 0.81, -162.79, -160.38
17860860, 0.81, -162.63, -160.24
17868148, 0.81, -162.48, -160.10
17875468, 0.81, -162.32, -159.96
17882772, 0.81, -162.17, -159.82
17890048, 0.81, -162.01, -159.68
17897428, 0.81, -161.85, -159.53
17904728, 0.82, -161.69, -159.39
17912020, 0.82, -161.53, -159.24
17919308, 0.82, -161.38, -159.11
17926608, 0.82, -161.21, -158.97
17933912, 0.82, -161.05, -158.82
17941176, 0.82, -160.89, -158.67
17948480, 0.82, -160.73, -158.52
17955792, 0.82, -160.58, -158.37
17963084, 0.82, -160.42, -158.23
17970384, 0.82, -160.25, -158.08
17977664, 0.83, -160.10, -157.94
17984988, 0.83, -159.94, -157.80
17992256, 0.83, -159.77, -157.66
17999560, 0.83, -159.62, -157.52
18006872, 0.83, -159.46, -157.38
18014188, 0.83, -159.30, -157.24
18021480, 0.83, -159.14, -157.09
18028764, 0.83, -158.98, -156.94
18036068, 0.83, -158.81, -156.80
18043364, 0.83, -158.65, -156.66
18050720, 0.84, -158.49, -156.52
18057992, 0.84, -158.33, -156.37
18065312, 0.84, -158.18, -156.22
18072604, 0.84, -158.01, -156.07
18079900, 0.84, -157.85, -155.92
18087188, 0.84, -157.69, -155.76
18094476, 0.84, -157.53, -155.61
18101780, 0.84, -157.37, -155.46
18109072, 0.84, -157.21, -155.30
18116352, 0.84, -157.05, -155.16
18123636, 0.85, -156.89, -155.00
18130924, 0.85, -156.73, -154.85
18138236, 0.85, -156.56, -154.70
18145536, 0.85, -156.40, -154.56
18152868, 0.85, -156.23, -154.42
18160180, 0.85, -156.07, -154.28
18167544, 0.85, -155.90, -154.14
18174828, 0.85, -155.74, -154.00
18182128, 0.85, -155.57, -153.86
18189436, 0.85, -155.42, -153.71
18196780, 0.86, -155.25, -153.56
18204088, 0.86, -155.09, -153.41
18211376, 0.86, -154.92, -153.25
18218680, 0.86, -154.76, -153.10
18225964, 0.86, -154.59, -152.96
18233296, 0.86, -154.43, -152.81
18240628, 0.86, -154.26, -152.66
18247920, 0.86, -154.10, -152.51
18255252, 0.86, -153.94, -152.37
18262560, 0.86, -153.77, -152.23
18269884, 0.87, -153.60, -152.06
18277224, 0.87, -153.44, -151.92
18284536, 0.87, -153.27, -151.76
18291852, 0.87, -153.11, -151.62
18299176, 0.87, -152.94, -151.45
18306500, 0.87, -152.77, -151.31
18313804, 0.87, -152.60, -151.15
18321136, 0.87, -152.43, -151.00
18328448, 0.87, -152.27, -150.85
18335756, 0.87, -152.10, -150.71
18343096, 0.88, -151.93, -150.56
18350428, 0.88, -151.76, -150.41
18357780, 0.88, -151.58, -150.29
18365112, 0.88, -151.41, -150.12
18372452, 0.88, -151.24, -149.97
18379852, 0.88, -151.07, -149.82
18387164, 0.88, -150.90, -149.66
18394480, 0.88, -150.74, -149.51
18401852, 0.88, -150.57, -149.36
18409232, 0.88, -150.39, -149.22
18416568, 0.89, -150.23, -149.08
18423952, 0.89, -150.05, -148.93
18431328, 0.89, -149.88, -148.78
18438696, 0.89, -149.70, -148.65
18446024, 0.89, -149.53, -148.49
18453364, 0.89, -149.36, -148.35
18460720, 0.89, -149.19, -148.20
18468092, 0.89, -149.02, -148.07
18475464, 0.89, -148.84, -147.93
18482828, 0.89, -148.67, -147.78
18490216, 0.90, -148.50, -147.63
18497552, 0.90, -148.33, -147.50
18504896, 0.90, -148.16, -147.36
18512292, 0.90, -147.98, -147.21
18519624, 0.90, -147.80, -147.07
18526988, 0.90, -147.63, -146.92
18534408, 0.90, -147.46, -146.78
18541716, 0.90, -147.29, -146.63
18549068, 0.90, -147.11, -146.50
18556396, 0.90, -146.94, -146.35
18563784, 0.91, -146.76, -146.21
18571152, 0.91, -146.59, -146.07
18578580, 0.91, -146.41, -145.90
18585972, 0.91, -146.24, -145.75
18593400, 0.91, -146.06, -145.60
18600748, 0.91, -145.89, -145.44
18608148, 0.91, -145.72, -145.29
18615584, 0.91, -145.54, -145.14
18622924, 0.91, -145.36, -144.99
18630376, 0.91, -145.19, -144.85
18637756, 0.92, -145.02, -144.71
18645100, 0.92, -144.85, -144.56
18652508, 0.92, -144.67, -144.41
18659904, 0.92, -144.50, -144.24
18667312, 0.92, -144.32, -144.09
18674632, 0.92, -144.14, -143.93
18682048, 0.92, -143.97, -143.79
18689440, 0.92, -143.79, -143.63
18696824, 0.92, -143.62, -143.49
18704216, 0.92, -143.44, -143.35
18711616, 0.93, -143.27, -143.21
18719008, 0.93, -143.08, -143.05
18726424, 0.93, -142.91, -142.90
18733816, 0.93, -142.74, -142.74
18741204, 0.93, -142.56, -142.59
18748676, 0.93, -142.38, -142.44
18756084, 0.93, -142.21, -142.29
18763496, 0.93, -142.02, -142.13
18770908, 0.93, -141.85, -141.98
18778376, 0.93, -141.67, -141.82
18785748, 0.94, -141.48, -141.65
18793104, 0.94, -141.30, -141.49
18800496, 0.94, -141.11, -141.34
18807900, 0.94, -140.93, -141.17
18815396, 0.94, -140.76, -141.02
18822860, 0.94, -140.59, -140.87
18830264, 0.94, -140.41, -140.73
18837612, 0.94, -140.23, -140.57
18845004, 0.94, -140.05, -140.44
18852404, 0.94, -139.88, -140.28
18859888, 0.95, -139.70, -140.13
18867292, 0.95, -139.53, -139.99
18874688, 0.95, -139.35, -139.85
18882028, 0.95, -139.18, -139.70
18889428, 0.95, -138.99, -139.55
18896916, 0.95, -138.81, -139.40
18904336, 0.95, -138.63, -139.25
18911768, 0.95, -138.45, -139.09
18919112, 0.95, -138.26, -138.95
18926548, 0.95, -138.08, -138.78
18933988, 0.96, -137.91, -138.63
18941452, 0.96, -137.72, -138.47
18948908, 0.96, -137.54, -138.32
18956300, 0.96, -137.35, -138.15
18963696, 0.96, -137.17, -138.00
18971060, 0.96, -136.98, -137.85
18978500, 0.96, -136.80, -137.67
18985852, 0.96, -136.62, -137.53
18993268, 0.96, -136.44, -137.38
19000648, 0.96, -136.25, -137.23
19008060, 0.97, -136.06, -137.05
19015400, 0.97, -135.88, -136.89
19022808, 0.97, -135.70, -136.73
19030220, 0.97, -135.51, -136.57
19037616, 0.97, -135.32, -136.39
19045036, 0.97, -135.13, -136.23
19052372, 0.97, -134.95, -136.05
19059780, 0.97, -134.76, -135.90
19067140, 0.97, -134.58, -135.73
19074500, 0.97, -134.39, -135.57
19081840, 0.98, -134.21, -135.40
19089204, 0.98, -134.02, -135.23
19096588, 0.98, -133.83, -135.06
19103976, 0.98, -133.65, -134.88
19111356, 0.98, -133.46, -134.72
19118768, 0.98, -133.27, -134.55
19126116, 0.98, -133.08, -134.38
19133504, 0.98, -132.90, -134.21
19140864, 0.98, -132.71, -134.04
19148228, 0.98, -132.52, -133.86
19155620, 0.99, -132.33, -133.67
19163012, 0.99, -132.14, -133.51
19170400, 0.99, -131.95, -133.33
19177776, 0.99, -131.76, -133.16
19185152, 0.99, -131.58, -132.99
19192540, 0.99, -131.39, -132.82
19199920, 0.99, -131.20, -132.65
19207300, 0.99, -131.01, -132.46
19214712, 0.99, -130.82, -132.28
19222068, 0.99, -130.63, -132.11
19229512, 1.00, -130.44, -131.94
19236896, 1.00, -130.25, -131.76
19244276, 1.00, -130.06, -131.59
19251628, 1.00, -129.86, -131.42
19259036, 1.00, -129.67, -131.24

